Name,Occurences,AvgLaunchAngle,MaxExitVelo,AvgExitVelo,ExitVeloFBLD,ExitVeloGB,MaxDist,AvgDist,AvgHRdist,HardHit95,HardHitPct,NumBarrels,BarrelPct,Barrels/PA
"Gallo, Joey",293,21.5,117.5,93.9,99.7,85.2,472,225,409,142,48.5,66,22.5,11.4
,,,,,,,,,,,,,,
"Davis, Khris",408,18.1,112.8,92.5,97.2,87.7,439,211,405,194,47.5,70,17.2,10.7
,,,,,,,,,,,,,,
"Martinez, J.D.",430,10.7,116.7,93,96.7,89.2,443,184,398,225,52.3,69,16,10.6
,,,,,,,,,,,,,,
"Betts, Mookie",434,18.4,110.6,92.3,95.9,88.8,452,207,400,218,50.2,61,14.1,9.9
,,,,,,,,,,,,,,
"Zimmerman, Ryan",235,7.1,110.8,92.6,97.8,89,443,164,406,124,52.8,32,13.6,9.9
,,,,,,,,,,,,,,
"Ohtani, Shohei",225,12.3,113.9,92.6,97.8,88,449,180,413,113,50.2,36,16,9.8
,,,,,,,,,,,,,,
"Grichuk, Randal",305,18.5,114.1,90.6,95.9,86.8,471,201,403,131,43,44,14.4,9.5
,,,,,,,,,,,,,,
"Trout, Mike",351,18.5,118,91.2,95.9,85.3,459,212,407,162,46.2,58,16.5,9.5
,,,,,,,,,,,,,,
"Muncy, Max",266,17.8,110.6,90.1,94.9,84.6,445,206,399,122,45.9,45,16.9,9.4
,,,,,,,,,,,,,,
"Hernandez, Teoscar",316,17,112.2,91.8,97.7,85.3,440,201,401,145,45.9,49,15.5,9.4
,,,,,,,,,,,,,,
"Cruz, Nelson",400,12.8,117,93.9,97.2,92.7,465,180,411,205,51.3,55,13.8,9.3
,,,,,,,,,,,,,,
"Thames, Eric",150,19.3,110.8,91,94.9,85.5,416,207,396,65,43.3,25,16.7,9
,,,,,,,,,,,,,,
"Pinder, Chad",212,13.3,112.3,90.2,95.8,85.6,424,187,403,90,42.5,30,14.2,9
,,,,,,,,,,,,,,
"Austin, Tyler",152,15.1,112.9,89,95.9,80.5,451,189,402,66,43.4,24,15.8,9
,,,,,,,,,,,,,,
"Stanton, Giancarlo",416,11.6,121.7,93.7,99.7,91.6,458,175,405,211,50.7,63,15.1,8.9
,,,,,,,,,,,,,,
"Yelich, Christian",441,4.7,113.6,92.3,97.2,89,441,160,407,224,50.8,57,12.9,8.8
,,,,,,,,,,,,,,
"Cave, Jake",186,10,111.4,88.4,93.7,82.2,443,186,419,71,38.2,27,14.5,8.7
,,,,,,,,,,,,,,
"Baez, Javier",444,9.2,113.7,89.6,96.9,84.5,481,174,404,192,43.2,56,12.6,8.7
,,,,,,,,,,,,,,
"Acuna Jr., Ronald",313,12.9,114,90.8,95.3,87.1,452,182,410,146,46.6,42,13.4,8.6
,,,,,,,,,,,,,,
"Judge, Aaron",266,12.3,119.9,94.7,97.7,92.2,471,184,397,144,54.1,43,16.2,8.6
,,,,,,,,,,,,,,
"Sanchez, Gary",231,14.3,121.1,90.2,97.7,85.9,461,171,413,95,41.1,32,13.9,8.6
,,,,,,,,,,,,,,
"Machado, Manny",533,14.4,114.8,91.6,95.1,90.1,444,184,403,257,48.2,60,11.3,8.5
,,,,,,,,,,,,,,
"Palka, Daniel",264,11.5,118.4,92.3,97.4,90.1,448,172,410,130,49.2,38,14.4,8.5
,,,,,,,,,,,,,,
"Story, Trevor",434,15.7,112.5,90.7,95,86.6,505,200,421,198,45.6,55,12.7,8.4
,,,,,,,,,,,,,,
"Renfroe, Hunter",299,18.4,113.7,89.9,97.4,85.2,438,183,402,130,43.5,37,12.4,8.4
,,,,,,,,,,,,,,
"Carpenter, Matt",410,20.4,109.5,89.6,94.3,80.9,432,231,389,182,44.4,56,13.7,8.3
,,,,,,,,,,,,,,
"Morales, Kendrys",323,10,111.6,92.3,95.3,90.3,437,180,395,170,52.6,39,12.1,8.3
,,,,,,,,,,,,,,
"Goldschmidt, Paul",420,15.7,112.9,90.8,95.9,87,450,191,400,184,43.8,57,13.6,8.3
,,,,,,,,,,,,,,
"Upton, Justin",363,11.8,114.9,90.8,96.8,85.9,443,185,403,172,47.4,51,14,8.3
,,,,,,,,,,,,,,
"Perez, Salvador",407,18,112.1,91.2,94.3,89,454,203,398,193,47.4,44,10.8,8.1
,,,,,,,,,,,,,,
"Pearce, Steve",176,11.9,109,89.4,94.7,85,438,175,392,69,39.2,20,11.4,8
,,,,,,,,,,,,,,
"Mancini, Trey",434,5.5,115,89.9,95,87,438,147,387,183,42.2,51,11.8,8
,,,,,,,,,,,,,,
"Rendon, Anthony",455,17.7,109.9,90.6,93.7,88.7,430,200,395,203,44.6,47,10.3,7.9
,,,,,,,,,,,,,,
"Kemp, Matt",354,15.8,111.4,89.6,94.1,83.9,427,195,409,136,38.4,40,11.3,7.9
,,,,,,,,,,,,,,
"Cron, C.J.",361,15.2,114.4,88,93.9,85.4,464,181,408,132,36.6,44,12.2,7.9
,,,,,,,,,,,,,,
"Castellanos, Nicholas",472,15.2,110.3,89.6,93.6,84.9,426,198,384,191,40.5,53,11.2,7.8
,,,,,,,,,,,,,,
"Moreland, Mitch",307,11.4,114.3,90.8,95.1,86.4,443,184,417,136,44.3,36,11.7,7.8
,,,,,,,,,,,,,,
"Braun, Ryan",323,5.8,116.3,91.9,97.4,87.2,443,168,401,160,49.5,35,10.8,7.8
,,,,,,,,,,,,,,
"Garcia, Avisail",259,9.6,116.7,90.3,95.8,86.8,481,163,400,112,43.2,30,11.6,7.8
,,,,,,,,,,,,,,
"Olson, Matt",419,17.8,113.3,93.1,97.4,90.3,475,189,408,218,52,51,12.2,7.7
,,,,,,,,,,,,,,
"Puig, Yasiel",320,12.4,115.3,89.4,93.7,87.5,463,177,413,129,40.3,34,10.6,7.7
,,,,,,,,,,,,,,
"Zunino, Mike",225,17.8,116,89.6,97.2,82.4,454,188,404,101,44.9,31,13.8,7.7
,,,,,,,,,,,,,,
"Encarnacion, Edwin",375,18.1,112.2,89.9,94.3,85.9,434,192,401,154,41.1,44,11.7,7.6
,,,,,,,,,,,,,,
"Martin, Leonys",243,16.2,112.9,86.8,92.4,82.4,421,188,392,94,38.7,26,10.7,7.4
,,,,,,,,,,,,,,
"Reyes, Franmil",181,6.8,115.4,92.3,96.4,90.1,477,153,404,86,47.5,21,11.6,7.4
,,,,,,,,,,,,,,
"Grandal, Yasmani",319,14,111,88.9,94.5,84.5,429,188,404,128,40.1,38,11.9,7.3
,,,,,,,,,,,,,,
"Schwarber, Kyle",291,11.5,117.1,90,95.6,85.9,444,177,404,131,45,37,12.7,7.3
,,,,,,,,,,,,,,
"Ozuna, Marcell",476,10.8,117.2,91.5,94.9,90.1,479,165,415,213,44.7,46,9.7,7.3
,,,,,,,,,,,,,,
"Mondesi, Adalberto",202,11.8,108.4,87.4,94.6,81.1,437,178,411,74,36.6,21,10.4,7.2
,,,,,,,,,,,,,,
"Choi, Ji-Man",137,13.6,109.4,90,94.9,87,460,173,409,58,42.3,16,11.7,7.2
,,,,,,,,,,,,,,
"Aguilar, Jesus",359,16.1,110,89.7,93.8,85.1,433,197,396,152,42.3,41,11.4,7.2
,,,,,,,,,,,,,,
"Morrison, Logan",239,19.6,112.6,88.1,94.5,82.5,442,200,406,89,37.2,26,10.9,7.2
,,,,,,,,,,,,,,
"Adams, Matt",233,19.1,109.3,88.7,94.6,83.5,460,193,396,92,39.5,24,10.3,7.1
,,,,,,,,,,,,,,
"Bogaerts, Xander",417,12.7,111.9,90.5,95.1,87.8,436,169,407,173,41.5,41,9.8,7.1
,,,,,,,,,,,,,,
"Hoskins, Rhys",413,22.4,112,88.9,94.3,82.7,444,213,393,161,39,47,11.4,7.1
,,,,,,,,,,,,,,
"Lindor, Francisco",560,14.5,114.5,90.2,94.3,87.4,445,189,400,228,40.7,53,9.5,7.1
,,,,,,,,,,,,,,
"Pollock, A.J.",321,13.2,108.6,89,93.7,84.5,455,183,405,130,40.5,32,10,7
,,,,,,,,,,,,,,
"Schebler, Scott",283,8.6,111.1,90.2,94.1,88,449,161,406,120,42.4,30,10.6,7
,,,,,,,,,,,,,,
"Alonso, Yonder",398,15.6,112.3,87.7,92.6,85.2,431,181,399,147,36.9,40,10.1,7
,,,,,,,,,,,,,,
"Dozier, Hunter",254,13.1,112.9,89.5,93.7,86,439,182,401,102,40.2,27,10.6,7
,,,,,,,,,,,,,,
"Trumbo, Mark",245,10.3,113.4,92.8,95.9,92.5,444,171,400,118,48.2,25,10.2,7
,,,,,,,,,,,,,,
"Shaw, Travis",397,16.6,114.6,88.4,93.1,85.4,452,191,402,150,37.8,41,10.3,7
,,,,,,,,,,,,,,
"Piscotty, Stephen",437,13.1,111.6,88.6,93.4,84.4,443,174,394,169,38.7,42,9.6,6.9
,,,,,,,,,,,,,,
"Haniger, Mitch",455,12.7,112.8,90.2,94.2,87.4,443,174,400,195,42.9,47,10.3,6.9
,,,,,,,,,,,,,,
"Martinez, Jose",435,8,113.8,90.7,94.1,87.9,436,170,404,192,44.1,41,9.4,6.9
,,,,,,,,,,,,,,
"Belt, Brandon",294,22.5,107.6,86.2,90.5,79.6,429,217,389,93,31.6,31,10.5,6.8
,,,,,,,,,,,,,,
"Bird, Greg",198,18.7,107.9,86.9,93.6,79.3,407,198,381,66,33.3,21,10.6,6.8
,,,,,,,,,,,,,,
"Choo, Shin-Soo",407,6.1,109.5,89,95.2,83.7,447,164,404,163,40,45,11.1,6.8
,,,,,,,,,,,,,,
"Bote, David",127,3.5,114,93.5,96.6,91.9,442,155,421,67,52.8,14,11,6.7
,,,,,,,,,,,,,,
"Davidson, Matt",272,13.8,115.1,90,95.8,86.6,450,187,400,115,42.3,33,12.1,6.7
,,,,,,,,,,,,,,
"Castillo, Welington",124,15.5,108.5,90.4,93.2,88.7,430,185,392,57,46,12,9.7,6.6
,,,,,,,,,,,,,,
"Duvall, Adam",268,22.5,109.6,89,93.4,85.6,441,202,392,110,41,28,10.4,6.6
,,,,,,,,,,,,,,
"Moustakas, Mike",476,19.6,112.2,89.3,93,88.6,438,187,398,186,39.1,42,8.8,6.6
,,,,,,,,,,,,,,
"Cano, Robinson",265,8.3,113.4,93.1,95,92.5,419,163,399,137,51.7,23,8.7,6.6
,,,,,,,,,,,,,,
"Freeman, Freddie",492,14.5,109.6,89.1,93.7,83,441,190,402,196,39.8,46,9.3,6.5
,,,,,,,,,,,,,,
"Bradley Jr., Jackie",341,12,112.4,91.9,96.4,88.1,438,178,401,171,50.1,35,10.3,6.5
,,,,,,,,,,,,,,
"Harper, Bryce",390,13.9,115.1,90.6,96.3,84.8,473,187,409,176,45.1,45,11.5,6.5
,,,,,,,,,,,,,,
"Abreu, Jose",396,12.2,115.5,91.3,95.1,89.1,451,178,407,179,45.2,36,9.1,6.5
,,,,,,,,,,,,,,
"Rosario, Eddie",458,17.4,108.1,87.3,92.5,82,418,187,378,152,33.2,38,8.3,6.4
,,,,,,,,,,,,,,
"Realmuto, J.T.",377,14.4,109.8,88.9,92.4,86,434,177,406,154,40.8,34,9,6.4
,,,,,,,,,,,,,,
"Reynolds, Mark",145,18.3,109.9,89.1,92.4,86.8,449,182,406,57,39.3,15,10.3,6.4
,,,,,,,,,,,,,,
"Smoak, Justin",352,14.9,110.7,89.5,94.4,84.6,420,186,389,147,41.8,38,10.8,6.4
,,,,,,,,,,,,,,
"Donaldson, Josh",134,11.8,115.5,90.2,96.3,85.9,435,170,396,55,41,14,10.4,6.4
,,,,,,,,,,,,,,
"Dahl, David",183,13.9,106.6,88.7,93,84.7,438,191,408,71,38.8,17,9.3,6.3
,,,,,,,,,,,,,,
"Murphy, John Ryan",140,20.8,107.9,86,93,79,434,194,404,44,31.4,14,10,6.3
,,,,,,,,,,,,,,
"White, Tyler",162,17,108.2,89,93.5,85.5,417,191,382,58,35.8,15,9.3,6.3
,,,,,,,,,,,,,,
"Villanueva, Christian",248,21,110,86.6,90.6,85.2,434,188,392,75,30.2,24,9.7,6.3
,,,,,,,,,,,,,,
"Miller, Brad",150,10.9,112,90.8,94.6,87,436,192,414,74,49.3,16,10.7,6.3
,,,,,,,,,,,,,,
"Suarez, Eugenio",391,14.7,112.8,91.2,93,89.8,451,192,400,178,45.5,38,9.7,6.3
,,,,,,,,,,,,,,
"Soto, Juan",316,5.5,113.7,89.4,97.4,84.6,440,152,395,133,42.1,31,9.8,6.3
,,,,,,,,,,,,,,
"Duda, Lucas",229,19.6,114.1,89.5,92.5,86,436,212,407,84,36.7,23,10,6.3
,,,,,,,,,,,,,,
"Calhoun, Kole",364,12,109.4,90.4,94.4,86.4,436,181,403,156,42.9,34,9.3,6.2
,,,,,,,,,,,,,,
"Ramirez, Jose",504,18.8,110.2,88.8,92.4,86.6,434,196,388,175,34.7,43,8.5,6.2
,,,,,,,,,,,,,,
"Polanco, Gregory",351,19.9,112.9,88.6,93.6,86,440,191,401,134,38.2,33,9.4,6.2
,,,,,,,,,,,,,,
"Soler, Jorge",156,10.9,114.1,89.6,96.3,84.2,444,171,405,64,41,16,10.3,6.2
,,,,,,,,,,,,,,
"Bour, Justin",302,9.7,115.5,88.7,95.6,84.8,437,167,405,117,38.7,31,10.3,6.2
,,,,,,,,,,,,,,
"Canha, Mark",279,15.5,108.5,87,92.7,83,434,182,400,96,34.4,25,9,6.1
,,,,,,,,,,,,,,
"Bruce, Jay",244,21.4,109,88.3,92.6,84,412,205,390,84,34.4,22,9,6.1
,,,,,,,,,,,,,,
"Freese, David",211,7.2,110.9,90.3,93.1,88.8,435,160,391,95,45,19,9,6.1
,,,,,,,,,,,,,,
"Pham, Tommy",357,6.7,112.1,92.8,95.2,91.4,454,171,407,178,49.9,35,9.8,6.1
,,,,,,,,,,,,,,
"Springer, George",425,9.4,114.7,88.6,93.3,86.1,462,158,410,158,37.2,38,8.9,6.1
,,,,,,,,,,,,,,
"Devers, Rafael",331,11,116.3,90.7,95.3,89.4,447,167,399,137,41.4,30,9.1,6.1
,,,,,,,,,,,,,,
"Torres, Gleyber",315,18.8,109.4,88.7,91.2,86.8,444,196,396,116,36.8,29,9.2,6
,,,,,,,,,,,,,,
"Santana, Domingo",137,11.5,111.6,89,92.5,86.1,429,169,391,53,38.7,14,10.2,6
,,,,,,,,,,,,,,
"Diaz, Aledmys",364,13.7,112.9,89.1,93.1,86.9,431,176,392,143,39.3,27,7.4,6
,,,,,,,,,,,,,,
"Sano, Miguel",153,12.9,114.6,90.3,96.1,84.7,455,178,400,65,42.5,18,11.8,6
,,,,,,,,,,,,,,
"Mazara, Nomar",376,5.3,117.1,90.5,94.2,89.2,449,149,416,162,43.1,32,8.5,6
,,,,,,,,,,,,,,
"Descalso, Daniel",246,19.1,105.5,89,92.3,85.9,432,209,385,85,34.6,25,10.2,5.9
,,,,,,,,,,,,,,
"Valbuena, Luis",168,18,107.6,89,92.7,85.3,440,191,410,68,40.5,17,10.1,5.9
,,,,,,,,,,,,,,
"Escobar, Eduardo",448,18.7,108.8,86.6,90.9,82.4,447,197,400,122,27.2,37,8.3,5.9
,,,,,,,,,,,,,,
"Bryant, Kris",285,17.7,110.2,85.8,91.3,78.8,448,186,406,96,33.7,27,9.5,5.9
,,,,,,,,,,,,,,
"DeJong, Paul",318,19.1,110.4,89.3,93.4,85.6,464,205,398,128,40.3,29,9.1,5.9
,,,,,,,,,,,,,,
"Pederson, Joc",314,15.4,113.9,91.1,94.6,89.4,437,191,391,126,40.1,26,8.3,5.9
,,,,,,,,,,,,,,
"Happ, Ian",222,14.1,110.5,90,93.4,87.8,437,193,400,90,40.5,27,12.2,5.8
,,,,,,,,,,,,,,
"Conforto, Michael",388,11.9,112.4,87.9,93.5,83.6,472,173,395,142,36.6,37,9.5,5.8
,,,,,,,,,,,,,,
"Chapman, Matt",403,14.7,115.3,93,95.9,92.7,434,182,397,192,47.6,36,8.9,5.8
,,,,,,,,,,,,,,
"Alfaro, Jorge",207,8.2,116.6,91.6,94.5,89.8,446,166,420,91,44,22,10.6,5.8
,,,,,,,,,,,,,,
"Hicks, Aaron",377,12.5,110,88.9,93.3,85.1,417,182,388,162,43,33,8.8,5.7
,,,,,,,,,,,,,,
"Longoria, Evan",384,13.6,110.4,88.5,93,85.7,435,177,399,142,37,29,7.6,5.7
,,,,,,,,,,,,,,
"Gurriel Jr., Lourdes",193,10.4,110.7,90.3,92.5,88.1,450,178,396,88,45.6,15,7.8,5.7
,,,,,,,,,,,,,,
"Nunez, Renato",176,16,111.9,88.9,92.7,88.6,425,174,397,64,36.4,15,8.5,5.7
,,,,,,,,,,,,,,
"Valencia, Danny",207,9,113.4,90.7,94.5,88.2,443,169,409,85,41.1,16,7.7,5.7
,,,,,,,,,,,,,,
"Brinson, Lewis",264,6.9,113.6,89.1,93.7,86.4,450,150,414,102,38.6,23,8.7,5.7
,,,,,,,,,,,,,,
"Turner, Justin",313,18.2,106.5,89.2,91.5,86.7,430,204,399,115,36.7,24,7.7,5.6
,,,,,,,,,,,,,,
"Chirinos, Robinson",222,21.7,107.3,87.9,93.3,80.6,456,206,393,87,39.2,24,10.8,5.6
,,,,,,,,,,,,,,
"Davis, Chris",282,14.7,111.8,89,94.5,83,434,189,403,113,40.1,29,10.3,5.6
,,,,,,,,,,,,,,
"Marte, Starling",454,8.3,112,87.5,94.1,83.6,453,159,398,172,37.9,34,7.5,5.6
,,,,,,,,,,,,,,
"Iannetta, Chris",216,13.2,114.5,91.7,95.9,87,469,189,421,93,43.1,20,9.3,5.6
,,,,,,,,,,,,,,
"Bregman, Alex",512,16.9,107.6,89.2,93.4,86.1,420,190,384,204,39.8,39,7.6,5.5
,,,,,,,,,,,,,,
"Gomes, Yan",287,18.5,109.1,88.9,92.4,85.1,435,200,391,111,38.7,24,8.4,5.5
,,,,,,,,,,,,,,
"Bellinger, Cody",409,16.1,112.9,89.7,95.4,86.4,443,183,405,155,37.9,35,8.6,5.5
,,,,,,,,,,,,,,
"Ramos, Wilson",304,4.4,113.3,91.3,95.4,89.2,447,150,396,144,47.4,23,7.6,5.5
,,,,,,,,,,,,,,
"Peralta, David",438,6.7,114.8,91.5,95.4,90,449,164,400,200,45.7,34,7.8,5.5
,,,,,,,,,,,,,,
"Hernandez, Enrique",333,15.5,110.4,88.2,92.7,85.9,431,178,401,121,36.3,25,7.5,5.4
,,,,,,,,,,,,,,
"Moncada, Yoan",365,15,113.1,90.6,94.3,87.1,433,191,397,161,44.1,35,9.6,5.4
,,,,,,,,,,,,,,
"Franco, Maikel",374,9.5,114.5,88.1,91.8,88,435,153,394,128,34.2,25,6.7,5.4
,,,,,,,,,,,,,,
"McCutchen, Andrew",431,13.4,110.9,90.1,94.2,86.2,427,179,387,180,41.8,36,8.4,5.3
,,,,,,,,,,,,,,
"Gattis, Evan",314,17.9,111.8,87.5,92,83.6,430,185,389,105,33.4,24,7.6,5.3
,,,,,,,,,,,,,,
"Altherr, Aaron",154,10.3,114.6,90.5,96.9,87.5,421,169,398,71,46.1,15,9.7,5.3
,,,,,,,,,,,,,,
"Gyorko, Jedd",278,15.2,107.7,87.3,92.2,81.8,425,181,390,87,31.3,21,7.6,5.2
,,,,,,,,,,,,,,
"Cabrera, Asdrubal",429,14.3,108.3,89.5,93.5,86.7,425,179,385,166,38.7,31,7.2,5.2
,,,,,,,,,,,,,,
"Arenado, Nolan",475,15.4,109.2,89.7,94.4,85.8,464,184,408,192,40.4,35,7.4,5.2
,,,,,,,,,,,,,,
"Stassi, Max",147,5.8,110.1,90,99,84,466,148,405,67,45.6,13,8.8,5.2
,,,,,,,,,,,,,,
"Cervelli, Francisco",254,15.7,110.2,88.4,93.6,83.7,428,183,383,101,39.8,21,8.3,5.2
,,,,,,,,,,,,,,
"Healy, Ryon",382,12.1,112,89.3,93.2,87.7,441,165,402,158,41.4,27,7.1,5.2
,,,,,,,,,,,,,,
"Hernandez, Gorkys",307,11.7,108.5,86.2,92.4,83.1,433,148,403,109,35.5,23,7.5,5.1
,,,,,,,,,,,,,,
"Castro, Starlin",475,8.4,109.4,88.5,91.9,87,427,154,400,171,36,33,6.9,5.1
,,,,,,,,,,,,,,
"Goodrum, Niko",314,10.8,110.8,87.7,91.6,84.4,418,176,387,111,35.4,25,8,5.1
,,,,,,,,,,,,,,
"Taylor, Chris",362,16.4,111.5,88.6,92.5,84.2,440,196,399,138,38.1,31,8.6,5.1
,,,,,,,,,,,,,,
"Diaz, Elias",215,10.4,112.2,89.6,91.6,90,420,163,396,87,40.5,14,6.5,5.1
,,,,,,,,,,,,,,
"Ramirez, Hanley",144,11.5,117.5,91.7,94.2,94.6,432,145,405,68,47.2,10,6.9,5.1
,,,,,,,,,,,,,,
"Andujar, Miguel",480,12.3,110.4,89.2,92.7,87.8,428,169,389,175,36.5,30,6.3,5
,,,,,,,,,,,,,,
"Pujols, Albert",403,14.2,112.1,90,93.6,88.8,430,179,399,164,40.7,25,6.2,5
,,,,,,,,,,,,,,
"Santana, Carlos",475,15.1,113.5,88.9,93.3,87.6,445,174,399,187,39.4,34,7.2,5
,,,,,,,,,,,,,,
"Dickerson, Corey",427,14.9,111.4,87.7,91.8,84.1,447,184,400,133,31.1,26,6.1,4.9
,,,,,,,,,,,,,,
"Bonifacio, Jorge",168,18.6,106.6,85.3,88.6,82.1,410,188,375,48,28.6,13,7.7,4.8
,,,,,,,,,,,,,,
"Gonzalez, Adrian",137,11.6,108.1,88.6,92.7,83.8,430,166,402,52,38,9,6.6,4.8
,,,,,,,,,,,,,,
"Souza Jr., Steven",166,16.2,109.8,88.7,91.9,87.7,450,179,401,66,39.8,13,7.8,4.8
,,,,,,,,,,,,,,
"Rizzo, Anthony",495,14.5,112.6,89.9,93.1,88,453,185,404,201,40.6,32,6.5,4.8
,,,,,,,,,,,,,,
"Contreras, Willson",357,6.8,114.1,87,92.9,83.5,435,155,392,119,33.3,26,7.3,4.8
,,,,,,,,,,,,,,
"Kipnis, Jason",422,17,107.4,86.1,90.5,81.6,417,191,382,129,30.6,28,6.6,4.7
,,,,,,,,,,,,,,
"Meadows, Austin",140,13.6,108.6,88.2,91.3,86.7,420,181,398,55,39.3,9,6.4,4.7
,,,,,,,,,,,,,,
"Benintendi, Andrew",482,12.6,109.5,88.4,91.9,84.8,437,182,394,161,33.4,31,6.4,4.7
,,,,,,,,,,,,,,
"Marisnick, Jake",131,17.6,111.7,84.9,90.7,77.7,428,192,401,41,31.3,11,8.4,4.7
,,,,,,,,,,,,,,
"Desmond, Ian",414,0,112,89.9,95.8,87.3,472,130,405,179,43.2,29,7,4.7
,,,,,,,,,,,,,,
"Odor, Rougned",354,11.7,112.6,87.8,95.1,81.9,447,177,403,135,38.1,25,7.1,4.7
,,,,,,,,,,,,,,
"Kepler, Max",439,16.1,112.7,89.5,93.9,86,427,189,395,165,37.6,29,6.6,4.7
,,,,,,,,,,,,,,
"Myers, Wil",219,9.2,112.9,90.3,95.5,85.7,450,171,402,100,45.7,16,7.3,4.7
,,,,,,,,,,,,,,
"Gordon, Alex",383,10.9,109,88.5,93.4,84.4,422,170,399,152,39.7,26,6.8,4.6
,,,,,,,,,,,,,,
"Beltre, Adrian",345,13.7,109.2,88.7,91.8,85.6,439,187,399,127,36.8,22,6.4,4.6
,,,,,,,,,,,,,,
"Blackmon, Charlie",495,11.8,110.4,87.2,91.2,83.7,447,173,406,174,35.2,32,6.5,4.6
,,,,,,,,,,,,,,
"Bell, Josh",402,9.2,115.6,89.9,94.1,88,432,160,402,155,38.6,27,6.7,4.6
,,,,,,,,,,,,,,
"Joyce, Matt",157,14.4,107.9,87.1,92.8,79.6,416,185,398,50,31.8,11,7,4.5
,,,,,,,,,,,,,,
"Gonzalez, Marwin",370,10,110.1,87.4,93.4,81.7,422,175,395,153,41.4,25,6.8,4.5
,,,,,,,,,,,,,,
"Altuve, Jose",459,9.5,112.4,86.4,92.4,81.3,443,158,399,155,33.8,27,5.9,4.5
,,,,,,,,,,,,,,
"Correa, Carlos",302,11.6,112.8,88.2,93.7,84.5,455,164,402,101,33.4,21,7,4.5
,,,,,,,,,,,,,,
"Williams, Nick",296,10.3,113.3,88.5,90.7,87.5,439,174,401,110,37.2,20,6.8,4.5
,,,,,,,,,,,,,,
"Winker, Jesse",237,13.2,114.1,90.2,95.4,86.7,438,173,389,100,42.2,15,6.3,4.5
,,,,,,,,,,,,,,
"Molina, Yadier",399,15.4,107.2,88.1,92.3,84.3,438,184,394,134,33.6,22,5.5,4.4
,,,,,,,,,,,,,,
"Mesoraco, Devin",193,20.6,109,86.6,92.1,82.9,416,172,393,55,28.5,12,6.2,4.4
,,,,,,,,,,,,,,
"Pillar, Kevin",420,16.5,111.1,87.1,90.9,85,440,181,390,153,36.4,24,5.7,4.4
,,,,,,,,,,,,,,
"Hosmer, Eric",472,-1.2,112.2,88.8,95,86.2,439,118,400,178,37.7,30,6.4,4.4
,,,,,,,,,,,,,,
"Frazier, Todd",304,18.6,114.1,89.5,93.7,87.5,437,194,395,110,36.2,21,6.9,4.4
,,,,,,,,,,,,,,
"Gonzalez, Carlos",353,9,118.3,89.4,92.2,88.8,473,160,420,138,39.1,22,6.2,4.4
,,,,,,,,,,,,,,
"Dozier, Brian",429,17.8,104.8,86.7,91.7,82.6,409,179,379,123,28.7,27,6.3,4.3
,,,,,,,,,,,,,,
"Votto, Joey",405,13.3,107.5,88.1,92.5,81.4,417,192,383,141,34.8,27,6.7,4.3
,,,,,,,,,,,,,,
"Hedges, Austin",214,15.8,108.2,85.4,92,80.5,421,179,393,64,29.9,14,6.5,4.3
,,,,,,,,,,,,,,
"Hundley, Nick",197,15.6,109.2,88.9,92.2,86.4,432,176,377,78,39.6,13,6.6,4.3
,,,,,,,,,,,,,,
"Bautista, Jose",215,19.4,111.9,90.8,95.3,88.5,429,193,393,92,42.8,17,7.9,4.3
,,,,,,,,,,,,,,
"Gennett, Scooter",467,13.3,108.5,86.7,91,82.5,420,179,377,149,31.9,27,5.8,4.2
,,,,,,,,,,,,,,
"Turner, Trea",534,8.3,112.3,87.8,92.5,84.9,427,157,396,206,38.6,31,5.8,4.2
,,,,,,,,,,,,,,
"Bader, Harrison",260,12.6,113.6,86,91.6,81.7,431,177,403,80,30.8,18,6.9,4.2
,,,,,,,,,,,,,,
"LeMahieu, DJ",460,5.7,109.3,91.1,93.2,89.6,439,163,399,197,42.8,24,5.2,4.1
,,,,,,,,,,,,,,
"Bauers, Jake",227,11.3,110,86.8,93.1,81.8,420,171,397,71,31.3,16,7,4.1
,,,,,,,,,,,,,,
"Flowers, Tyler",176,12.8,110.5,90,91.8,89.1,448,186,400,78,44.3,12,6.8,4.1
,,,,,,,,,,,,,,
"Murphy, Daniel",291,16.3,106.9,87.6,89.4,87.2,425,195,394,83,28.5,14,4.8,4
,,,,,,,,,,,,,,
"Walker, Neil",264,13.1,107,87.5,92.4,82,436,192,402,88,33.3,16,6.1,4
,,,,,,,,,,,,,,
"Posey, Buster",347,10.3,108.1,89.1,91.9,87,421,165,398,121,34.9,18,5.2,4
,,,,,,,,,,,,,,
"Mahtook, Mikie",160,12.1,109.3,87.6,93.1,84.1,445,162,399,56,35,10,6.3,4
,,,,,,,,,,,,,,
"Seager, Kyle",449,18.4,110.5,89.7,92.6,87.3,424,197,385,178,39.6,25,5.6,4
,,,,,,,,,,,,,,
"Adames, Willy",196,8.6,110.6,86.5,91.9,83,434,154,406,58,29.6,13,6.6,4
,,,,,,,,,,,,,,
"Dietrich, Derek",361,15.7,111,87.4,90.8,86.2,448,170,396,136,37.7,22,6.1,4
,,,,,,,,,,,,,,
"Beckham, Tim",272,9.4,111.2,86.6,92.2,82.6,431,158,405,97,35.7,16,5.9,4
,,,,,,,,,,,,,,
"Guzman, Ronald",267,14.3,111.3,86.6,90.2,84.4,443,178,386,88,33,17,6.4,4
,,,,,,,,,,,,,,
"Travis, Devon",293,7.8,111.5,88.3,92,87,428,147,393,108,36.9,15,5.1,4
,,,,,,,,,,,,,,
"Anderson, Brian",463,8.6,113.3,90.2,93,89.6,434,150,398,196,42.3,27,5.8,4
,,,,,,,,,,,,,,
"Riddle, JT",245,7.3,106.1,87,91.9,84.2,420,151,391,71,29,13,5.3,3.9
,,,,,,,,,,,,,,
"Owings, Chris",208,12.9,107.1,87.4,92.2,83,419,175,404,70,33.7,12,5.8,3.9
,,,,,,,,,,,,,,
"Martinez, Victor",425,14,107.6,87.8,90.8,85.5,416,181,384,129,30.4,20,4.7,3.9
,,,,,,,,,,,,,,
"Moran, Colin",340,10.6,107.8,88,92.4,84.6,416,165,399,120,35.3,18,5.3,3.9
,,,,,,,,,,,,,,
"Jones, Adam",491,13,108.1,88,91.5,86.2,422,174,396,162,33,24,4.9,3.9
,,,,,,,,,,,,,,
"Pina, Manny",249,13.8,109.7,84.7,90.4,80.9,428,169,409,66,26.5,13,5.2,3.9
,,,,,,,,,,,,,,
"Taylor, Michael A.",239,6.2,110.8,86.5,93.1,82,425,153,392,81,33.9,15,6.3,3.9
,,,,,,,,,,,,,,
"Garver, Mitch",232,12.5,111,88.8,93.6,85.8,421,174,408,90,38.8,13,5.6,3.9
,,,,,,,,,,,,,,
"Lamb, Jake",146,4.9,108.4,88.2,91.8,84.9,422,161,388,54,37,9,6.2,3.8
,,,,,,,,,,,,,,
"Delmonico, Nicky",205,14.6,109.3,86.8,90,85.5,410,175,386,70,34.1,12,5.9,3.8
,,,,,,,,,,,,,,
"Kendrick, Howie",124,7.9,109.6,90.2,95.2,86.6,434,161,412,55,44.4,6,4.8,3.8
,,,,,,,,,,,,,,
"Hicks, John",206,13.9,111.2,87.3,92.1,84.5,426,176,397,71,34.5,12,5.8,3.8
,,,,,,,,,,,,,,
"Marte, Ketel",444,5.7,115.1,88.6,92,87.4,465,146,405,162,36.5,22,5,3.8
,,,,,,,,,,,,,,
"Ahmed, Nick",413,11.3,106.2,86.5,91.5,81.8,438,175,393,124,30,21,5.1,3.7
,,,,,,,,,,,,,,
"Mauer, Joe",404,4.5,107.6,90.7,94.9,87.6,427,154,406,174,43.1,20,5,3.7
,,,,,,,,,,,,,,
"Lowrie, Jed",471,17.1,108.1,89,91.9,86.2,412,197,380,177,37.6,25,5.3,3.7
,,,,,,,,,,,,,,
"Granderson, Curtis",239,16.3,108.3,88.3,92.3,82.3,423,202,384,82,34.3,15,6.3,3.7
,,,,,,,,,,,,,,
"Martin, Russell",207,10.1,108.7,90.6,95.4,90.1,424,147,389,89,43,13,6.3,3.7
,,,,,,,,,,,,,,
"Kratz, Erik",166,12.7,109.1,89.5,92.1,88.3,433,168,404,65,39.2,8,4.8,3.7
,,,,,,,,,,,,,,
"Smith, Kevan",154,0.3,109.3,87.9,93,85.6,438,126,412,54,35.1,7,4.5,3.7
,,,,,,,,,,,,,,
"Gregorius, Didi",445,15.6,109.4,86.5,90.8,84.5,430,180,379,136,30.6,21,4.7,3.7
,,,,,,,,,,,,,,
"Albies, Ozzie",527,15.5,109.9,86.3,91.7,81.6,427,176,389,155,29.4,25,4.7,3.7
,,,,,,,,,,,,,,
"Profar, Jurickson",440,12.3,112.2,87.3,91.7,84.5,436,168,403,140,31.8,22,5,3.7
,,,,,,,,,,,,,,
"Candelario, Jeimer",384,15.3,112.7,87.1,91.8,85.2,440,174,398,128,33.3,23,6,3.7
,,,,,,,,,,,,,,
"Adrianza, Ehire",259,14.3,107.1,84.8,90.3,79.1,405,182,387,79,30.5,13,5,3.6
,,,,,,,,,,,,,,
"Perez, Hernan",246,10.9,109.6,87.3,91.2,85.5,441,170,409,79,32.1,12,4.9,3.6
,,,,,,,,,,,,,,
"Nimmo, Brandon",293,10.5,110.9,89.5,94.1,87.5,449,159,397,123,42,19,6.5,3.6
,,,,,,,,,,,,,,
"Schoop, Jonathan",363,11.1,111.2,86.2,90,84.8,446,156,393,111,30.6,18,5,3.6
,,,,,,,,,,,,,,
"Jones, JaCoby",289,12,112.3,88,92.6,85.1,422,175,385,103,35.6,17,5.9,3.6
,,,,,,,,,,,,,,
"Solarte, Yangervis",400,13.9,113.2,87,90.7,85.6,459,161,403,128,32,18,4.5,3.6
,,,,,,,,,,,,,,
"Pence, Hunter",178,5.8,113.6,87.9,91.5,86.7,445,141,417,59,33.1,9,5.1,3.6
,,,,,,,,,,,,,,
"Sandoval, Pablo",179,9.3,113.9,89.6,94.3,87.6,447,159,392,66,36.9,9,5,3.6
,,,,,,,,,,,,,,
"Maldonado, Martin",279,14.1,108.9,84.7,89.6,81.4,425,167,397,74,26.5,14,5,3.5
,,,,,,,,,,,,,,
"Kingery, Scott",331,16.8,109.1,85.5,90.3,79.3,405,187,378,103,31.1,17,5.1,3.5
,,,,,,,,,,,,,,
"Simmons, Andrelton",516,7.7,109.7,87.8,92,86.6,402,149,382,187,36.2,21,4.1,3.5
,,,,,,,,,,,,,,
"McCann, James",313,16,111.4,87.5,91.5,86.3,437,177,394,116,37.1,16,5.1,3.5
,,,,,,,,,,,,,,
"Herrera, Odubel",430,12.2,114.7,86.3,89.8,85.4,453,163,394,136,31.6,21,4.9,3.5
,,,,,,,,,,,,,,
"Field, Johnny",151,12.7,105.3,85.6,91.2,81.1,425,181,391,46,30.5,8,5.3,3.4
,,,,,,,,,,,,,,
"Merrifield, Whit",526,16.6,106.4,86.5,91.1,82,430,183,400,163,31,24,4.6,3.4
,,,,,,,,,,,,,,
"Swihart, Blake",135,13.9,108.1,86,88.7,85.2,403,164,373,36,26.7,7,5.2,3.4
,,,,,,,,,,,,,,
"Culberson, Charlie",212,7.3,108.2,84.1,90.5,80.8,413,149,396,65,30.7,11,5.2,3.4
,,,,,,,,,,,,,,
"Camargo, Johan",359,12.5,109.7,88,91,86.8,431,165,389,121,33.7,18,5,3.4
,,,,,,,,,,,,,,
"Mercer, Jordy",311,13,110.1,87.4,90.6,85.1,443,174,401,97,31.2,15,4.8,3.4
,,,,,,,,,,,,,,
"Romine, Austin",179,9.4,111.4,88,91.9,86.4,440,154,389,68,38,9,5,3.4
,,,,,,,,,,,,,,
"Semien, Marcus",510,15.3,107.1,86.7,91.3,82.9,428,177,393,163,32,23,4.5,3.3
,,,,,,,,,,,,,,
"Spangenberg, Cory",193,6.1,107.6,86.4,93.1,81.2,413,158,386,74,38.3,11,5.7,3.3
,,,,,,,,,,,,,,
"Andrus, Elvis",331,8.8,109.7,87.2,90,86.3,428,152,404,101,30.5,14,4.2,3.3
,,,,,,,,,,,,,,
"Naquin, Tyler",133,5.6,110.5,89,91.4,87.4,418,155,410,51,38.3,6,4.5,3.3
,,,,,,,,,,,,,,
"Villar, Jonathan",331,2.7,110.9,87.2,91.9,84.9,430,133,399,119,36,17,5.1,3.3
,,,,,,,,,,,,,,
"Wieters, Matt",193,18.3,111.8,86.9,92.2,82.8,405,188,389,65,33.7,9,4.7,3.3
,,,,,,,,,,,,,,
"Anderson, Tim",423,10.5,112.5,85.6,90.7,81.7,414,162,384,119,28.1,20,4.7,3.3
,,,,,,,,,,,,,,
"Marte, Jefry",153,6,114.2,88.2,91,88.5,446,134,404,56,36.6,7,4.6,3.3
,,,,,,,,,,,,,,
"Guyer, Brandon",147,14.1,105.4,84.2,88.3,81,401,182,378,45,30.6,7,4.8,3.2
,,,,,,,,,,,,,,
"Robertson, Daniel",207,7.7,107,86.6,90.4,84.8,431,145,397,72,34.8,11,5.3,3.2
,,,,,,,,,,,,,,
"Gomez, Carlos",259,18.2,113.2,85,89.8,82.1,424,178,399,77,29.7,13,5,3.2
,,,,,,,,,,,,,,
"Frazier, Adam",267,10,105.5,87.6,90.3,86.1,413,163,383,82,30.7,11,4.1,3.1
,,,,,,,,,,,,,,
"Suzuki, Kurt",310,18.2,106,87.2,91.2,84,415,182,382,107,34.5,12,3.9,3.1
,,,,,,,,,,,,,,
"Leon, Sandy",194,15.5,106.7,83.6,88.3,79.6,401,176,393,50,25.8,9,4.6,3.1
,,,,,,,,,,,,,,
"Fowler, Dustin",147,15,108.6,88.3,88.8,90,437,172,404,59,40.1,6,4.1,3
,,,,,,,,,,,,,,
"Brantley, Michael",517,9.5,108.6,89.9,91.9,89,424,169,392,194,37.5,19,3.7,3
,,,,,,,,,,,,,,
"Maile, Luke",137,11.1,109.9,89.3,93.2,87.2,418,158,381,59,43.1,7,5.1,3
,,,,,,,,,,,,,,
"Kiermaier, Kevin",245,6.2,110.2,84.5,90.7,81.4,416,143,394,71,29,11,4.5,3
,,,,,,,,,,,,,,
"Segura, Jean",526,7.4,111.7,87.1,90.3,85.7,420,145,398,169,32.1,19,3.6,3
,,,,,,,,,,,,,,
"Harrison, Josh",283,14.9,105.1,84.6,90.2,78.8,421,180,386,73,25.8,11,3.9,2.9
,,,,,,,,,,,,,,
"Reddick, Josh",359,18.1,105.9,85.2,89.9,82,434,179,378,95,26.5,14,3.9,2.9
,,,,,,,,,,,,,,
"Hanson, Alen",229,12.8,107.7,82.8,86.9,79.8,413,156,384,49,21.4,9,3.9,2.9
,,,,,,,,,,,,,,
"Rosario, Amed",441,7.2,109.5,87.3,90.4,85.9,437,151,405,141,32,17,3.9,2.9
,,,,,,,,,,,,,,
"Plawecki, Kevin",175,10.8,111.6,86.7,91.1,84.8,410,162,390,62,35.4,8,4.6,2.9
,,,,,,,,,,,,,,
"Asuaje, Carlos",147,14.2,104,86.4,90.5,82.5,401,177,393,36,24.5,6,4.1,2.8
,,,,,,,,,,,,,,
"Ervin, Phillip",162,16.2,107,85.4,90.8,80.6,429,179,394,56,34.6,7,4.3,2.8
,,,,,,,,,,,,,,
"Swanson, Dansby",365,12.9,108.5,86.8,91.9,83.2,438,168,399,124,34,15,4.1,2.8
,,,,,,,,,,,,,,
"Nunez, Eduardo",415,9.2,110.2,88.2,90.4,89.4,411,147,383,148,35.7,14,3.4,2.8
,,,,,,,,,,,,,,
"Galvis, Freddy",462,13.2,105.8,87.5,91.8,83.7,419,176,382,131,28.4,18,3.9,2.7
,,,,,,,,,,,,,,
"Crawford, Brandon",414,11,108.8,87.3,90.6,85.6,436,167,388,137,33.1,16,3.9,2.7
,,,,,,,,,,,,,,
"Polanco, Jorge",244,15.5,109,83.9,88.7,79.8,411,180,379,68,27.9,9,3.7,2.7
,,,,,,,,,,,,,,
"Hernandez, Cesar",454,9.4,109.4,84.2,88.9,81.3,441,159,393,126,27.8,19,4.2,2.7
,,,,,,,,,,,,,,
"Munoz, Yairo",224,4.4,111.2,87.2,93.4,82.6,411,147,390,66,29.5,9,4,2.7
,,,,,,,,,,,,,,
"Tucker, Preston",124,11.5,111.2,90.4,91.8,90.7,442,162,398,49,39.5,5,4,2.7
,,,,,,,,,,,,,,
"Adduci, Jim",134,10.6,111.8,85.3,90,83.4,424,156,384,35,26.1,5,3.7,2.7
,,,,,,,,,,,,,,
"Rickard, Joey",158,17.6,104.1,84.5,90.1,79.2,410,183,389,31,19.6,6,3.8,2.6
,,,,,,,,,,,,,,
"Machado, Dixon",175,10.8,106.6,85,89.8,82.1,387,158,377,45,25.7,6,3.4,2.6
,,,,,,,,,,,,,,
"Maybin, Cameron",269,7.5,111,86.4,90.8,83.5,429,151,415,89,33.1,10,3.7,2.6
,,,,,,,,,,,,,,
"Holt, Brock",250,6.3,105.9,87.5,90.9,85.6,426,152,402,77,30.8,9,3.6,2.5
,,,,,,,,,,,,,,
"Barnhart, Tucker",370,11.7,106.6,85.9,90.9,82.5,421,162,382,112,30.3,13,3.5,2.5
,,,,,,,,,,,,,,
"Blanco, Gregor",133,14.4,106.7,83.5,88.9,79.3,399,162,389,31,23.3,5,3.8,2.5
,,,,,,,,,,,,,,
"Wong, Kolten",302,6.8,107.1,84.4,91.1,80.1,409,149,386,93,30.8,10,3.3,2.5
,,,,,,,,,,,,,,
"Pirela, Jose",351,4.7,112.1,89,91.3,89.3,424,132,408,129,36.8,12,3.4,2.5
,,,,,,,,,,,,,,
"Margot, Manuel",397,11.4,112.9,88.7,92.8,87.3,424,168,396,145,36.5,13,3.3,2.5
,,,,,,,,,,,,,,
"Caratini, Victor",142,5.9,112.9,87.8,94.2,84.7,419,143,407,53,37.3,5,3.5,2.5
,,,,,,,,,,,,,,
"Kinsler, Ian",426,17.8,106.1,85.3,89,83.4,412,177,389,110,25.8,13,3.1,2.4
,,,,,,,,,,,,,,
"Rodriguez, Ronny",154,11.3,106.5,83.9,90.3,79.8,402,160,380,46,29.9,5,3.2,2.4
,,,,,,,,,,,,,,
"Markakis, Nick",552,10.1,109.3,90.6,92.2,90.2,429,170,398,229,41.5,17,3.1,2.4
,,,,,,,,,,,,,,
"Cain, Lorenzo",447,4.9,112.4,89.1,91,88.6,431,139,402,181,40.5,15,3.4,2.4
,,,,,,,,,,,,,,
"Wolters, Tony",151,5,103.4,84.3,88.4,83.3,418,132,396,32,21.2,5,3.3,2.3
,,,,,,,,,,,,,,
"McCann, Brian",151,23.1,104.5,86,89.3,84,410,192,389,39,25.8,5,3.3,2.3
,,,,,,,,,,,,,,
"Zobrist, Ben",403,8.6,107.5,89.4,91.7,87.9,423,163,386,154,38.2,12,3,2.3
,,,,,,,,,,,,,,
"Panik, Joe",333,9.8,108.1,86.5,88.4,86.4,400,154,374,98,29.4,9,2.7,2.3
,,,,,,,,,,,,,,
"Flores, Wilmer",353,17,108.5,86.5,89.8,85.8,422,180,384,94,26.6,10,2.8,2.3
,,,,,,,,,,,,,,
"Reyes, Victor",168,6,108.5,84,88.4,81.6,399,138,390,44,26.2,5,3,2.3
,,,,,,,,,,,,,,
"Eaton, Adam",257,7.2,109.4,85.8,90.3,82.9,408,152,396,78,30.4,8,3.1,2.2
,,,,,,,,,,,,,,
"Heyward, Jason",384,9.4,110.8,88.1,91.2,88.3,423,162,393,148,38.5,11,2.9,2.2
,,,,,,,,,,,,,,
"Heredia, Guillermo",249,9.2,105.7,83.9,89.4,80,404,161,367,68,27.3,7,2.8,2.1
,,,,,,,,,,,,,,
"Fowler, Dexter",218,12.6,107.5,85.3,89.1,82.6,404,171,377,61,28,7,3.2,2.1
,,,,,,,,,,,,,,
"Mullins, Cedric",134,7.7,108,85,91.9,82.1,412,147,400,38,28.4,4,3,2.1
,,,,,,,,,,,,,,
"Barnes, Austin",134,4.4,108.1,86.3,88.8,85.8,419,126,403,41,30.6,5,3.7,2.1
,,,,,,,,,,,,,,
"Sanchez, Yolmer",467,8.5,110.3,85.6,91.2,82.1,449,157,405,130,27.8,14,3,2.1
,,,,,,,,,,,,,,
"Parra, Gerardo",331,8,105.5,85.3,90.2,81.9,433,157,402,87,26.3,9,2.7,2
,,,,,,,,,,,,,,
"McNeil, Jeff",205,14,105.6,85.2,90.1,82.6,399,168,391,59,28.8,5,2.4,2
,,,,,,,,,,,,,,
"Reyes, Jose",190,12.4,107.3,84.5,89,82.4,413,150,381,45,23.7,5,2.6,2
,,,,,,,,,,,,,,
"Peterson, Jace",154,10.2,107.7,86.7,91.5,82.6,415,156,400,50,32.5,5,3.2,2
,,,,,,,,,,,,,,
"Span, Denard",365,12.7,108.1,86.5,89.3,85.2,415,169,391,108,29.6,10,2.7,2
,,,,,,,,,,,,,,
"Peraza, Jose",570,13.3,108.7,83.9,87.1,81.3,426,177,391,134,23.5,14,2.5,2
,,,,,,,,,,,,,,
"Gamel, Ben",197,7.2,109.1,88.7,90.6,87,402,155,369,66,33.5,6,3,2
,,,,,,,,,,,,,,
"Wendle, Joey",403,10.3,110.1,88.4,91.7,86.7,420,165,400,142,35.2,11,2.7,2
,,,,,,,,,,,,,,
"Gardner, Brett",432,8.4,110.1,87.3,91.7,85,426,156,385,142,32.9,12,2.8,2
,,,,,,,,,,,,,,
"Narvaez, Omar",217,13,102.5,85.1,89.4,81.4,407,173,380,53,24.4,6,2.8,1.9
,,,,,,,,,,,,,,
"Garcia, Greg",147,9.9,105.8,81.9,88,78,391,154,370,37,25.2,4,2.7,1.9
,,,,,,,,,,,,,,
"Hechavarria, Adeiny",247,13.4,105.9,86.6,89.6,84.5,403,176,380,82,33.2,6,2.4,1.9
,,,,,,,,,,,,,,
"Prado, Martin",162,9.1,106.2,87.5,87.7,88.2,400,155,374,42,25.9,4,2.5,1.9
,,,,,,,,,,,,,,
"Difo, Wilmer",333,11.8,104.3,82.1,87,78.2,403,156,380,63,18.9,8,2.4,1.8
,,,,,,,,,,,,,,
"Lucroy, Jonathan",357,13.4,106.6,86.7,90.1,85.3,408,169,386,98,27.5,8,2.2,1.8
,,,,,,,,,,,,,,
"Mathis, Jeff",132,14.2,108.2,86.6,92.2,80.8,414,183,386,44,33.3,4,3,1.8
,,,,,,,,,,,,,,
"Cabrera, Melky",217,9.4,108.6,90.4,90.5,92.4,407,155,386,89,41,5,2.3,1.8
,,,,,,,,,,,,,,
"Garcia, Leury",194,5.3,108.8,85.7,90.9,82,421,142,399,61,31.4,5,2.6,1.8
,,,,,,,,,,,,,,
"Escobar, Alcides",423,9.4,105.5,83.1,88.2,79.3,398,155,386,91,21.5,9,2.1,1.7
,,,,,,,,,,,,,,
"Herrera, Rosell",224,2.2,112,87.1,91,84.7,414,136,342,73,32.6,5,2.2,1.7
,,,,,,,,,,,,,,
"Engel, Adam",308,12.5,113.4,84.8,91.7,80.2,423,169,399,99,32.1,8,2.6,1.7
,,,,,,,,,,,,,,
"Utley, Chase",131,15.7,106.4,87.3,90.5,84.2,394,178,358,42,32.1,3,2.3,1.6
,,,,,,,,,,,,,,
"Flaherty, Ryan",122,-0.2,106.7,86.4,91.9,83.5,428,113,428,33,27,3,2.5,1.6
,,,,,,,,,,,,,,
"Cozart, Zack",185,17.1,107,85.4,88.4,84.6,397,179,384,51,27.6,4,2.2,1.6
,,,,,,,,,,,,,,
"Arcia, Orlando",263,3.3,107.4,85.6,90.6,83.7,403,121,384,76,28.9,6,2.3,1.6
,,,,,,,,,,,,,,
"Gurriel, Yuli",481,11.5,107.9,89.3,89.7,91,427,165,378,174,36.2,9,1.9,1.6
,,,,,,,,,,,,,,
"Jackson, Austin",215,10.6,108.6,86.8,90.4,84.4,419,158,404,70,32.6,6,2.8,1.6
,,,,,,,,,,,,,,
"Vazquez, Christian",211,12.6,105.2,87.2,87.9,89,392,164,382,60,28.4,4,1.9,1.5
,,,,,,,,,,,,,,
"Russell, Addison",324,12,108.2,86.3,90,83.8,409,174,379,86,26.5,7,2.2,1.5
,,,,,,,,,,,,,,
"Grossman, Robbie",320,14.5,108.6,86.8,89.7,85.5,422,173,394,89,27.8,7,2.2,1.5
,,,,,,,,,,,,,,
"Jay, Jon",440,3.2,105,84.1,89,81.1,413,131,387,95,21.6,8,1.8,1.4
,,,,,,,,,,,,,,
"Severino, Pedro",144,14.1,108.3,83.2,89.8,79,428,150,427,28,19.4,3,2.1,1.4
,,,,,,,,,,,,,,
"Dyson, Jarrod",176,7.3,107,81.1,88.2,76.1,408,141,385,34,19.3,3,1.7,1.3
,,,,,,,,,,,,,,
"Slater, Austin",131,2.3,108.2,86.9,88.6,87.4,425,117,425,45,34.4,3,2.3,1.3
,,,,,,,,,,,,,,
"Cuevas, Noel",122,10.4,109.3,85.2,90.4,83.5,403,154,383,33,27,2,1.6,1.3
,,,,,,,,,,,,,,
"Gentry, Craig",126,8,101.4,82.3,88.4,78,420,148,420,26,20.6,2,1.6,1.2
,,,,,,,,,,,,,,
"Inciarte, Ender",519,10,105,83.7,88,80.6,433,156,380,98,18.9,8,1.5,1.2
,,,,,,,,,,,,,,
"Butera, Drew",126,18.6,103.7,86.1,91,83.5,395,185,368,33,26.2,2,1.6,1.1
,,,,,,,,,,,,,,
"Smith, Mallex",391,2.6,104.7,84.1,89.1,80.4,412,144,393,90,23,6,1.5,1.1
,,,,,,,,,,,,,,
"Joseph, Caleb",199,12.6,105,84.6,89.3,80.5,399,174,382,58,29.1,3,1.5,1.1
,,,,,,,,,,,,,,
"Iglesias, Jose",390,11.9,106.5,84.3,88.2,83.2,402,153,386,87,22.3,5,1.3,1.1
,,,,,,,,,,,,,,
"La Stella, Tommy",142,8.1,103.9,86,89.6,85.3,391,151,378,35,24.6,2,1.4,1
,,,,,,,,,,,,,,
"Allen, Greg",212,6.5,105.7,84.7,88,82,389,155,388,64,30.2,3,1.4,1
,,,,,,,,,,,,,,
"Almora Jr., Albert",369,7.7,110,85.6,89,84.8,435,147,385,101,27.4,5,1.4,1
,,,,,,,,,,,,,,
"Davis, Rajai",153,9.1,104.4,82.6,87.4,79.6,397,148,352,41,26.8,2,1.3,0.9
,,,,,,,,,,,,,,
"Duffy, Matt",413,4.6,104.9,86.6,90,84.8,410,134,402,115,27.8,5,1.2,0.9
,,,,,,,,,,,,,,
"DeShields, Delino",262,3.7,106.3,79.6,86.9,75.1,386,143,374,38,14.5,3,1.1,0.8
,,,,,,,,,,,,,,
"Rojas, Miguel",426,8.9,106.6,84.1,87.2,83.2,431,145,390,101,23.7,4,0.9,0.8
,,,,,,,,,,,,,,
"Forsythe, Logan",289,10.4,106.1,87.3,89.6,86.4,423,151,393,86,29.8,3,1,0.7
,,,,,,,,,,,,,,
"Holaday, Bryan",125,14.5,103.1,83.3,87.5,79.7,394,166,394,20,16,1,0.8,0.6
,,,,,,,,,,,,,,
"Jankowski, Travis",276,1.9,104.3,83.6,85.9,82.8,415,119,385,54,19.6,2,0.7,0.5
,,,,,,,,,,,,,,
"Sucre, Jesus",159,9.7,106.1,84.7,85.9,85.5,383,154,383,39,24.5,1,0.6,0.5
,,,,,,,,,,,,,,
"Kiner-Falefa, Isiah",300,6.1,107.9,83.8,86.2,83.2,393,132,373,71,23.7,2,0.7,0.5
,,,,,,,,,,,,,,
"Hamilton, Billy",376,14.3,101.9,79.4,83.1,76.2,392,159,375,32,8.5,2,0.5,0.4
,,,,,,,,,,,,,,
"Kemp, Tony",215,10.8,100.2,82.6,88.7,77.2,396,160,361,38,17.7,1,0.5,0.3
,,,,,,,,,,,,,,
"Fletcher, David",255,12.8,103.7,83.4,85.5,83.7,428,165,393,52,20.4,1,0.4,0.3
,,,,,,,,,,,,,,
"Gordon, Dee",490,3.6,104.7,80.6,85.2,78.2,388,130,365,62,12.7,1,0.2,0.2